-- phpMyAdmin SQL Dump
-- version 4.8.5
-- https://www.phpmyadmin.net/
--
-- Host: 127.0.0.1
-- Generation Time: Mar 09, 2021 at 02:07 PM
-- Server version: 10.1.39-MariaDB
-- PHP Version: 7.3.5

SET SQL_MODE = "NO_AUTO_VALUE_ON_ZERO";
SET AUTOCOMMIT = 0;
START TRANSACTION;
SET time_zone = "+00:00";


/*!40101 SET @OLD_CHARACTER_SET_CLIENT=@@CHARACTER_SET_CLIENT */;
/*!40101 SET @OLD_CHARACTER_SET_RESULTS=@@CHARACTER_SET_RESULTS */;
/*!40101 SET @OLD_COLLATION_CONNECTION=@@COLLATION_CONNECTION */;
/*!40101 SET NAMES utf8mb4 */;

--
-- Database: `project`
--

-- --------------------------------------------------------

--
-- Table structure for table `admin`
--

CREATE TABLE `admin` (
  `admin_id` int(11) NOT NULL,
  `email` varchar(50) NOT NULL,
  `password` varchar(500) NOT NULL
) ENGINE=InnoDB DEFAULT CHARSET=utf8;

--
-- Dumping data for table `admin`
--

INSERT INTO `admin` (`admin_id`, `email`, `password`) VALUES
(2, 'admin@admin.com', 'admin');

-- --------------------------------------------------------

--
-- Table structure for table `answer`
--

CREATE TABLE `answer` (
  `qid` text NOT NULL,
  `ansid` text NOT NULL
) ENGINE=InnoDB DEFAULT CHARSET=utf8;

--
-- Dumping data for table `answer`
--

INSERT INTO `answer` (`qid`, `ansid`) VALUES
('55892169bf6a7', '55892169d2efc'),
('5589216a3646e', '5589216a48722'),
('558922117fcef', '5589221195248'),
('55892211e44d5', '55892211f1fa7'),
('558922894c453', '558922895ea0a'),
('558922899ccaa', '55892289aa7cf'),
('558923538f48d', '558923539a46c'),
('55892353f05c4', '55892354051be'),
('5589751a63091', '5589751a81bf4'),
('5589751ad32b8', '5589751adbdbd'),
('5589751b304ef', '5589751b3b04d'),
('5589751b749c9', '5589751b9a98c'),
('60464484b576b', '60464484b5dc1'),
('60464484bab35', '60464484bb36b'),
('604644dd102bf', '604644dd10aff'),
('604645247a6e0', '604645247b63a'),
('6046456f66deb', '6046456f67733'),
('604645d80aadc', '604645d80bad7');

-- --------------------------------------------------------

--
-- Table structure for table `feedback`
--

CREATE TABLE `feedback` (
  `id` text NOT NULL,
  `name` varchar(50) NOT NULL,
  `email` varchar(50) NOT NULL,
  `subject` varchar(500) NOT NULL,
  `feedback` varchar(500) NOT NULL,
  `date` date NOT NULL,
  `time` varchar(50) NOT NULL
) ENGINE=InnoDB DEFAULT CHARSET=utf8;

--
-- Dumping data for table `feedback`
--

INSERT INTO `feedback` (`id`, `name`, `email`, `subject`, `feedback`, `date`, `time`) VALUES
('603c6f6d274cf', 'Anirban', 'mandal@gmail.com', 'Php Coding', 'SIr, the question is easy.', '2021-03-01', '05:37:01am'),
('603c732173119', 'Suraj', 'admin@demo.com', 'Php Coding', 'Sir question is easy.', '2021-03-01', '05:52:49am');

-- --------------------------------------------------------

--
-- Table structure for table `history`
--

CREATE TABLE `history` (
  `email` varchar(50) NOT NULL,
  `eid` text NOT NULL,
  `score` int(11) NOT NULL,
  `level` int(11) NOT NULL,
  `sahi` int(11) NOT NULL,
  `wrong` int(11) NOT NULL,
  `date` timestamp NOT NULL DEFAULT CURRENT_TIMESTAMP ON UPDATE CURRENT_TIMESTAMP
) ENGINE=InnoDB DEFAULT CHARSET=utf8;

--
-- Dumping data for table `history`
--

INSERT INTO `history` (`email`, `eid`, `score`, `level`, `sahi`, `wrong`, `date`) VALUES
('sunnygkp10@gmail.com', '558921841f1ec', 4, 2, 2, 0, '2015-06-23 09:31:26'),
('sunnygkp10@gmail.com', '558920ff906b8', 4, 2, 2, 0, '2015-06-23 13:32:09'),
('avantika420@gmail.com', '558921841f1ec', 4, 2, 2, 0, '2015-06-23 14:33:04'),
('avantika420@gmail.com', '5589222f16b93', 4, 2, 2, 0, '2015-06-23 14:49:39'),
('sunnygkp10@gmail.com', '5589741f9ed52', 4, 5, 3, 2, '2015-06-23 15:07:16'),
('mi5@hollywood.com', '5589222f16b93', 4, 2, 2, 0, '2015-06-23 15:12:56'),
('nik1@gmail.com', '558921841f1ec', 1, 2, 1, 1, '2015-06-23 16:11:50'),
('sunnygkp10@gmail.com', '5589222f16b93', 1, 2, 1, 1, '2015-06-24 03:22:38'),
('suraj@gmail.com', '5589741f9ed52', -2, 5, 1, 4, '2021-02-01 06:36:15'),
('mandal@gmail.com', '5589741f9ed52', -2, 5, 1, 4, '2021-03-01 04:34:54'),
('somith@gmail.com', '5589741f9ed52', -2, 5, 1, 4, '2021-03-01 05:22:27');

-- --------------------------------------------------------

--
-- Table structure for table `objects`
--

CREATE TABLE `objects` (
  `uid` int(11) NOT NULL,
  `teacher_uid` int(11) NOT NULL,
  `code` varchar(50) NOT NULL,
  `year` varchar(10) NOT NULL,
  `section` varchar(50) NOT NULL,
  `object` longblob NOT NULL
) ENGINE=InnoDB DEFAULT CHARSET=latin1;

-- --------------------------------------------------------

--
-- Table structure for table `options`
--

CREATE TABLE `options` (
  `qid` varchar(50) NOT NULL,
  `option` varchar(5000) NOT NULL,
  `optionid` text NOT NULL
) ENGINE=InnoDB DEFAULT CHARSET=utf8;

--
-- Dumping data for table `options`
--

INSERT INTO `options` (`qid`, `option`, `optionid`) VALUES
('55892169bf6a7', 'usermod', '55892169d2efc'),
('55892169bf6a7', 'useradd', '55892169d2f05'),
('55892169bf6a7', 'useralter', '55892169d2f09'),
('55892169bf6a7', 'groupmod', '55892169d2f0c'),
('5589216a3646e', '751', '5589216a48713'),
('5589216a3646e', '752', '5589216a4871a'),
('5589216a3646e', '754', '5589216a4871f'),
('5589216a3646e', '755', '5589216a48722'),
('558922117fcef', 'echo', '5589221195248'),
('558922117fcef', 'print', '558922119525a'),
('558922117fcef', 'printf', '5589221195265'),
('558922117fcef', 'cout', '5589221195270'),
('55892211e44d5', 'int a', '55892211f1f97'),
('55892211e44d5', '$a', '55892211f1fa7'),
('55892211e44d5', 'long int a', '55892211f1fb4'),
('55892211e44d5', 'int a$', '55892211f1fbd'),
('558922894c453', 'cin>>a;', '558922895ea0a'),
('558922894c453', 'cin<<a;', '558922895ea26'),
('558922894c453', 'cout>>a;', '558922895ea34'),
('558922894c453', 'cout<a;', '558922895ea41'),
('558922899ccaa', 'cout', '55892289aa7cf'),
('558922899ccaa', 'cin', '55892289aa7df'),
('558922899ccaa', 'print', '55892289aa7eb'),
('558922899ccaa', 'printf', '55892289aa7f5'),
('558923538f48d', '255.0.0.0', '558923539a46c'),
('558923538f48d', '255.255.255.0', '558923539a480'),
('558923538f48d', '255.255.0.0', '558923539a48b'),
('558923538f48d', 'none of these', '558923539a495'),
('55892353f05c4', '192.168.1.100', '5589235405192'),
('55892353f05c4', '172.168.16.2', '55892354051a3'),
('55892353f05c4', '10.0.0.0.1', '55892354051b4'),
('55892353f05c4', '11.11.11.11', '55892354051be'),
('5589751a63091', 'q', '5589751a81bd6'),
('5589751a63091', 'wq', '5589751a81be8'),
('5589751a63091', ' both (a) and (b)', '5589751a81bf4'),
('5589751a63091', ' none of the mentioned', '5589751a81bfd'),
('5589751ad32b8', ' moves screen down one page', '5589751adbdbd'),
('5589751ad32b8', 'moves screen up one page', '5589751adbdce'),
('5589751ad32b8', 'moves screen up one line', '5589751adbdd8'),
('5589751ad32b8', ' moves screen down one line', '5589751adbde2'),
('5589751b304ef', ' yy', '5589751b3b04d'),
('5589751b304ef', 'yw', '5589751b3b05e'),
('5589751b304ef', 'yc', '5589751b3b069'),
('5589751b304ef', ' none of the mentioned', '5589751b3b073'),
('5589751b749c9', 'X', '5589751b9a98c'),
('5589751b749c9', 'x', '5589751b9a9a5'),
('5589751b749c9', 'D', '5589751b9a9b7'),
('5589751b749c9', 'd', '5589751b9a9c9'),
('5589751bd02ec', 'autoindentation is not possible in vi editor', '5589751bdadaa'),
('60464484b576b', '2', '60464484b5dbe'),
('60464484b576b', '3', '60464484b5dc1'),
('60464484b576b', '4', '60464484b5dc2'),
('60464484b576b', '5', '60464484b5dc3'),
('60464484bab35', 'Worst Case', '60464484bb36b'),
('60464484bab35', 'Average Case', '60464484bb36f'),
('60464484bab35', 'Best Case', '60464484bb370'),
('60464484bab35', 'No of above', '60464484bb371'),
('604644dd102bf', 'Entity Set', '604644dd10af6'),
('604644dd102bf', 'Record', '604644dd10afe'),
('604644dd102bf', 'Field', '604644dd10aff'),
('604644dd102bf', 'File', '604644dd10b00'),
('604645247a6e0', 'SIM', '604645247b63a'),
('604645247a6e0', 'HMR', '604645247b63e'),
('604645247a6e0', 'VLR', '604645247b63f'),
('604645247a6e0', 'CMR', '604645247b640'),
('6046456f66deb', 'Real', '6046456f6772d'),
('6046456f66deb', 'Cloud', '6046456f67732'),
('6046456f66deb', 'Virtual', '6046456f67733'),
('6046456f66deb', 'none', '6046456f67734'),
('604645d80aadc', 'temperature', '604645d80bad3'),
('604645d80aadc', 'feedback', '604645d80bad7'),
('604645d80aadc', 'pressure', '604645d80bad8'),
('604645d80aadc', 'signal', '604645d80bad9');

-- --------------------------------------------------------

--
-- Table structure for table `questions`
--

CREATE TABLE `questions` (
  `eid` text NOT NULL,
  `qid` text NOT NULL,
  `qns` text NOT NULL,
  `choice` int(10) NOT NULL,
  `sn` int(11) NOT NULL
) ENGINE=InnoDB DEFAULT CHARSET=utf8;

--
-- Dumping data for table `questions`
--

INSERT INTO `questions` (`eid`, `qid`, `qns`, `choice`, `sn`) VALUES
('558920ff906b8', '55892169bf6a7', 'what is command for changing user information??', 4, 1),
('558920ff906b8', '5589216a3646e', 'what is permission for view only for other??', 4, 2),
('558921841f1ec', '558922117fcef', 'what is command for print in php??', 4, 1),
('558921841f1ec', '55892211e44d5', 'which is a variable of php??', 4, 2),
('5589222f16b93', '558922894c453', 'what is correct statement in c++??', 4, 1),
('5589222f16b93', '558922899ccaa', 'which command is use for print the output in c++?', 4, 2),
('558922ec03021', '558923538f48d', 'what is correct mask for A class IP???', 4, 1),
('558922ec03021', '55892353f05c4', 'which is not a private IP??', 4, 2),
('5589741f9ed52', '5589751a63091', ' Which command is used to close the vi editor?', 4, 1),
('5589741f9ed52', '5589751ad32b8', ' In vi editor, the key combination CTRL+f', 4, 2),
('5589741f9ed52', '5589751b304ef', ' Which vi editor command copies the current line of the file?', 4, 3),
('5589741f9ed52', '5589751b749c9', ' Which command is used to delete the character before the cursor location in vi editor?', 4, 4),
('5589741f9ed52', '5589751bd02ec', ' Which one of the following statement is true?', 4, 5),
('604643e3ec6ba', '60464484bab35', 'Which case of data structure operation takes maximum time?', 4, 2),
('604644b0105c7', '604644dd102bf', '__________ is a single elementary unit of information representing an attribute of an entity.', 4, 1),
('604644f2d9da3', '604645247a6e0', 'Which of the following usually stores all user-related data that is also relevant to GSM mobile systems?', 4, 1),
('6046453e29bf6', '6046456f66deb', 'Cloud computing is a kind of abstraction which is based on the notion of combining physical resources and represents them as _______resources to users.', 4, 1),
('60464593f03af', '604645d80aadc', 'What is the name for information sent from robot sensors to robot controllers?', 4, 1);

-- --------------------------------------------------------

--
-- Table structure for table `quiz`
--

CREATE TABLE `quiz` (
  `eid` text NOT NULL,
  `title` varchar(100) NOT NULL,
  `sahi` int(11) NOT NULL,
  `wrong` int(11) NOT NULL,
  `total` int(11) NOT NULL,
  `time` bigint(20) NOT NULL,
  `intro` text NOT NULL,
  `tag` varchar(100) NOT NULL,
  `date` timestamp NOT NULL DEFAULT CURRENT_TIMESTAMP ON UPDATE CURRENT_TIMESTAMP
) ENGINE=InnoDB DEFAULT CHARSET=utf8;

--
-- Dumping data for table `quiz`
--

INSERT INTO `quiz` (`eid`, `title`, `sahi`, `wrong`, `total`, `time`, `intro`, `tag`, `date`) VALUES
('558920ff906b8', 'Linux : File Managment', 2, 1, 2, 5, '', 'linux', '2015-06-23 09:03:59'),
('558921841f1ec', 'Php Coding', 2, 1, 2, 5, '', 'PHP', '2015-06-23 09:06:12'),
('5589222f16b93', 'C++ Coding', 2, 1, 2, 5, '', 'c++', '2015-06-23 09:09:03'),
('558922ec03021', 'Networking', 2, 1, 2, 5, '', 'networking', '2015-06-23 09:12:12'),
('5589741f9ed52', 'Linux :vi Editor', 2, 1, 5, 10, '', 'linux', '2015-06-23 14:58:39'),
('604643e3ec6ba', 'Dsa', 2, 1, 2, 2, 'test', 'test', '2021-03-08 15:33:55'),
('604644b0105c7', 'Daa', 3, 1, 1, 1, '', 'test', '2021-03-08 15:37:20'),
('604644f2d9da3', 'Mobile Computing', 3, 1, 1, 1, '', 'test', '2021-03-08 15:38:26'),
('6046453e29bf6', 'Cloud Computing', 1, 2, 1, 1, '', '', '2021-03-08 15:39:42'),
('60464593f03af', 'Robotic', 2, 1, 1, 1, '', '', '2021-03-08 15:41:07');

-- --------------------------------------------------------

--
-- Table structure for table `rank`
--

CREATE TABLE `rank` (
  `email` varchar(50) NOT NULL,
  `score` int(11) NOT NULL,
  `time` timestamp NOT NULL DEFAULT CURRENT_TIMESTAMP ON UPDATE CURRENT_TIMESTAMP
) ENGINE=InnoDB DEFAULT CHARSET=utf8;

--
-- Dumping data for table `rank`
--

INSERT INTO `rank` (`email`, `score`, `time`) VALUES
('admin@demo.com', 1, '2021-03-08 15:31:22'),
('mandal@gmail.com', -2, '2021-03-01 04:34:54'),
('somith@gmail.com', -2, '2021-03-01 05:22:27');

-- --------------------------------------------------------

--
-- Table structure for table `teacher`
--

CREATE TABLE `teacher` (
  `uid` int(11) NOT NULL,
  `name` varchar(25) NOT NULL,
  `email` varchar(25) NOT NULL,
  `phone` varchar(25) NOT NULL,
  `password` varchar(100) NOT NULL
) ENGINE=InnoDB DEFAULT CHARSET=latin1;

-- --------------------------------------------------------

--
-- Table structure for table `user`
--

CREATE TABLE `user` (
  `name` varchar(50) NOT NULL,
  `gender` varchar(5) NOT NULL,
  `college` varchar(100) NOT NULL,
  `email` varchar(50) NOT NULL,
  `mob` bigint(20) NOT NULL,
  `password` varchar(50) NOT NULL
) ENGINE=InnoDB DEFAULT CHARSET=utf8;

--
-- Dumping data for table `user`
--

INSERT INTO `user` (`name`, `gender`, `college`, `email`, `mob`, `password`) VALUES
('Suraj Kumar Barnawal', 'M', 'KIIT', 'admin@demo.com', 798234816, '0192023a7bbd73250516f069df18b500'),
('Anirban', 'M', 'KIIT', 'mandal@gmail.com', 876962356, '0192023a7bbd73250516f069df18b500'),
('Somith', 'M', 'KIIT UNIVERSITY', 'somith@gmail.com', 8923167832, '0192023a7bbd73250516f069df18b500'),
('Suraj Kumar', 'M', 'KIIT UNIVERSITY', 'suraj@gmail.com', 8198231242, 'e10adc3949ba59abbe56e057f20f883e'),
('Testing', 'M', 'Kiit', 'testa@demo.com', 89723498912, '7a68f09bd992671bb3b19a5e70b7827e');

--
-- Indexes for dumped tables
--

--
-- Indexes for table `admin`
--
ALTER TABLE `admin`
  ADD PRIMARY KEY (`admin_id`);

--
-- Indexes for table `user`
--
ALTER TABLE `user`
  ADD PRIMARY KEY (`email`);

--
-- AUTO_INCREMENT for dumped tables
--

--
-- AUTO_INCREMENT for table `admin`
--
ALTER TABLE `admin`
  MODIFY `admin_id` int(11) NOT NULL AUTO_INCREMENT, AUTO_INCREMENT=3;
COMMIT;

/*!40101 SET CHARACTER_SET_CLIENT=@OLD_CHARACTER_SET_CLIENT */;
/*!40101 SET CHARACTER_SET_RESULTS=@OLD_CHARACTER_SET_RESULTS */;
/*!40101 SET COLLATION_CONNECTION=@OLD_COLLATION_CONNECTION */;
